{"cameraMode":{"drawMode":0,"name":"Shaded","section":"Shading Mode"},"sceneLighting":true,"audioPlay":false,"sceneViewState":{"showFog":true,"showMaterialUpdate":true,"showSkybox":true,"showFlares":true,"showImageEffects":true,"showParticleSystems":true},"in2DMode":false,"pivot":{"x":-13.266682624816895,"y":-15.604429244995118,"z":13.652100563049317},"rotation":{"x":-0.29858285188674929,"y":0.320491224527359,"z":-0.10718836635351181,"w":-0.8925771117210388},"size":21.195032119750978,"orthographic":false}