{"cameraMode":{"drawMode":0,"name":"Shaded","section":"Shading Mode"},"sceneLighting":true,"audioPlay":false,"sceneViewState":{"showFog":true,"showMaterialUpdate":false,"showSkybox":true,"showFlares":true,"showImageEffects":true,"showParticleSystems":true},"in2DMode":false,"pivot":{"x":27.490978240966798,"y":12.706762313842774,"z":-0.36108821630477908},"rotation":{"x":0.5809147953987122,"y":0.002392561873421073,"z":-0.011162162758409977,"w":0.8151844143867493},"size":1.7852346897125245,"orthographic":false}